Date,Real_Close,Single_Layer_Predicted,Dual_Layer_Predicted,Single_Layer_Error,Dual_Layer_Error
2017-10-04,2537.73999,2506.293,2437.8833,31.447021250000034,99.85669000000007
2017-10-05,2552.070068,2513.65,2442.8372,38.42016565624999,109.23286800000005
2017-10-06,2549.330078,2522.2573,2447.7385,27.072753781249958,101.59157800000003
2017-10-09,2544.7299800000005,2527.9443,2453.0417,16.785644062500523,91.6882800000003
2017-10-10,2550.639893,2534.0293,2459.507,16.61059612500003,91.13289299999997
2017-10-11,2555.23999,2534.6943,2462.805,20.545654062500034,92.4349900000002
2017-10-12,2550.9299320000005,2538.6887,2465.158,12.241211296875463,85.77193200000056
2017-10-13,2553.1699220000005,2537.8406,2465.9531,15.329345828125497,87.21682200000032
2017-10-16,2557.639893,2540.4348,2466.3315,17.20507854687503,91.30839300000025
2017-10-17,2559.3601070000004,2540.7898,2469.6042,18.570312078125426,89.7559070000002
2017-10-18,2561.26001,2542.2263,2473.1099,19.033691640624966,88.15011000000004
2017-10-19,2562.100098,2545.3618,2475.2747,16.73828159374989,86.82539799999995
2017-10-20,2575.209961,2544.5176,2477.691,30.69238287500002,97.51896100000022
2017-10-23,2564.97998,2545.9875,2478.729,18.99243117187507,86.25098000000025
2017-10-24,2569.129883,2549.4895,2479.7124,19.640381046875063,89.41748300000017
2017-10-25,2557.1499020000006,2550.9758,2479.4587,6.174071921875566,77.69120200000043
2017-10-26,2560.3999020000006,2542.246,2477.357,18.153808250000566,83.0429020000006
2017-10-27,2581.0700680000004,2543.286,2475.1755,37.78417932812545,105.89456800000062
2017-10-30,2572.830078,2548.676,2474.239,24.154052609374958,98.59107799999992
2017-10-31,2575.2600100000004,2550.9724,2474.5815,24.28759789062542,100.67851000000064
2017-11-01,2579.360107,2549.2688,2476.9016,30.09130817187497,102.45850699999983
2017-11-02,2579.8500980000003,2547.005,2478.0168,32.845215187500344,101.83329800000047
2017-11-03,2587.840088,2546.0557,2477.5884,41.78442393749992,110.25168799999983
2017-11-06,2591.1298830000005,2553.3142,2479.0342,37.81567401562552,112.09568300000046
2017-11-07,2590.6398930000005,2556.7996,2480.941,33.840332453125484,109.69889300000068
2017-11-08,2594.379883,2551.8752,2483.1255,42.50463885937506,111.25438299999996
2017-11-09,2584.6201170000004,2553.6182,2483.7764,31.00195293750039,100.8437170000002
2017-11-10,2582.3000490000004,2551.7776,2483.4988,30.5224611093754,98.80124900000055
2017-11-13,2584.840088,2552.5686,2484.8203,32.27148448437492,100.01978800000006
2017-11-14,2578.870117,2557.0342,2485.468,21.835937312499937,93.40211700000009
2017-11-15,2564.620117,2554.0447,2484.7417,10.575439265624937,79.8784169999999
2017-11-16,2585.6398930000005,2549.9358,2483.6848,35.704101984375484,101.95509300000049
2017-11-17,2578.8500980000003,2555.3162,2485.5176,23.533935890625344,93.33249800000021
2017-11-20,2582.139893,2556.6167,2487.0955,25.52319378125003,95.04439300000013
2017-11-21,2599.030029,2562.6904,2489.5422,36.33959931250001,109.48782900000015
2017-11-22,2597.080078,2565.4102,2491.6467,31.669921749999958,105.43337800000018
2017-11-24,2602.4199220000005,2576.8252,2495.4678,25.594726687500497,106.9521220000006
2017-11-27,2601.4199220000005,2598.385,2505.1006,3.034912234375497,96.31932200000028
2017-11-28,2627.040039,2578.0012,2506.7026,49.03881829687498,120.3374389999999
2017-11-29,2626.070068,2581.4863,2507.7197,44.58373987499999,118.35036799999989
2017-11-30,2647.580078,2577.9426,2506.1047,69.63745104687496,141.4753780000001
2017-12-01,2642.219971,2575.388,2502.725,66.83203154687499,139.49497100000008
2017-12-04,2639.439941,2580.7163,2501.603,58.72363240625009,137.83694100000002
2017-12-05,2629.570068,2585.13,2500.7324,44.44018518749999,128.83766800000012
2017-12-06,2629.27002,2588.0789,2502.1772,41.19116257812493,127.09281999999985
2017-12-07,2636.97998,2592.545,2504.496,44.43505812500007,132.48397999999997
2017-12-08,2651.5,2594.8684,2506.753,56.631591796875,144.74699999999984
2017-12-11,2659.98999,2602.6433,2510.6555,57.346679453125034,149.3344900000002
2017-12-12,2664.110107,2608.74,2514.6663,55.37011676562497,149.4438070000001
2017-12-13,2662.850098,2610.4792,2516.0085,52.37084995312489,146.84159799999998
2017-12-14,2652.01001,2615.1475,2516.8425,36.862549062499966,135.16750999999977
2017-12-15,2675.810059,2611.5728,2516.047,64.23730509374991,159.76305899999988
2017-12-18,2690.1599120000005,2593.1128,2508.1526,97.04711903125053,182.00731200000064
2017-12-19,2681.469971,2619.4685,2508.6257,62.00146514062499,172.84427099999994
2017-12-20,2679.25,2627.112,2512.159,52.137939453125,167.0909999999999
2017-12-21,2684.570068,2632.1067,2516.7896,52.46337854687499,167.78046799999993
2017-12-22,2683.340088,2637.8843,2521.2043,45.45581065624992,162.13578800000005
2017-12-26,2680.5000000000005,2648.089,2529.42,32.410888671875455,151.08000000000038
2017-12-27,2682.620117,2656.383,2538.4458,26.237060359374937,144.17431699999997
2017-12-28,2687.5400390000004,2657.5374,2545.3108,30.002685484375434,142.22923900000023
2017-12-29,2673.6101070000004,2661.8882,2551.5398,11.721923406250426,122.07030700000041
2018-01-02,2695.8100590000004,2660.1956,2555.0354,35.614502359375365,140.77465900000016
2018-01-03,2713.0600590000004,2649.7944,2552.7935,63.265625406250365,160.26655900000014
2018-01-04,2723.98999,2651.7654,2551.1182,72.22460914062503,172.87179000000015
2018-01-05,2743.149902,2655.174,2549.5781,87.97582973437511,193.57180199999993
2018-01-08,2747.7099610000005,2665.2646,2551.6802,82.44531256250048,196.0297610000007
2018-01-09,2751.290039,2670.6252,2554.305,80.66479485937498,196.98503900000014
2018-01-10,2748.22998,2672.8433,2556.245,75.38671828125007,191.98498000000018
2018-01-11,2767.560059,2673.2344,2556.6301,94.32568399999991,210.92995900000005
2018-01-12,2786.23999,2678.2449,2557.3162,107.99511695312503,228.92378999999983
2018-01-16,2776.4199220000005,2688.4744,2558.5757,87.9455567656255,217.84422200000063
2018-01-17,2802.560059,2683.2031,2557.2964,119.35693399999991,245.26365899999973
2018-01-18,2798.0300290000005,2696.2705,2558.8086,101.75952118750047,239.22142900000063
2018-01-19,2810.3000490000004,2703.8684,2560.1965,106.4316407968754,250.10354900000038
2018-01-22,2832.9699710000004,2711.667,2562.1882,121.30297881250044,270.7817710000004
2018-01-23,2839.129883,2722.545,2566.145,116.58496112500006,272.9848830000001
2018-01-24,2837.540039,2732.1836,2570.0315,105.35644524999998,267.5085389999999
2018-01-25,2839.2500000000005,2733.0337,2571.5325,106.21630859375045,267.71750000000065
2018-01-26,2872.8701170000004,2741.5122,2573.1448,131.3579099687504,299.72531700000036
2018-01-29,2853.530029,2758.0383,2577.862,95.49169892187501,275.66802899999993
2018-01-30,2822.429932,2760.441,2581.7979,61.98901403125001,240.63203199999998
2018-01-31,2823.810059,2750.5745,2582.134,73.23559610937491,241.6760589999999
2018-02-01,2821.9799800000005,2749.7668,2581.7034,72.21313429687552,240.27658000000065
2018-02-02,2762.1298830000005,2750.887,2581.8787,11.242920109375518,180.2511830000003
2018-02-05,2648.9399410000005,2730.253,2578.349,81.31298868749946,70.59094100000038
2018-02-06,2695.139893,2671.7502,2564.7334,23.38964885937503,130.40649299999995
2018-02-07,2681.659912,2641.254,2547.9575,40.40600575000008,133.7024120000001
2018-02-08,2581.0,2640.3416,2537.0793,59.341552734375,43.920700000000124
2018-02-09,2619.550049,2593.181,2520.2021,26.369140796874944,99.34794899999997
2018-02-12,2656.0000000000005,2570.4358,2503.8196,85.56420898437545,152.18040000000065
2018-02-13,2662.9399410000005,2591.6572,2497.7637,71.28271443750054,165.17624100000057
2018-02-14,2698.629883,2603.7322,2496.7908,94.89770526562506,201.83908299999985
2018-02-15,2731.199951,2610.7842,2497.275,120.41577131250006,233.92495099999996
2018-02-16,2732.2199710000004,2633.4885,2502.3838,98.73144560937544,229.83617100000038
2018-02-20,2716.26001,2649.8162,2507.8484,66.44384789062497,208.4116100000001
2018-02-21,2701.330078,2656.3848,2511.3713,44.94531237499996,189.95877800000017
2018-02-22,2703.9599610000005,2655.8142,2513.6594,48.145752015625476,190.30056100000047
2018-02-23,2747.3000490000004,2659.9692,2515.0393,87.3308107187504,232.2607490000005
2018-02-26,2779.600098,2678.4785,2519.7554,101.12158237499989,259.8446979999999
2018-02-27,2744.280029,2695.6038,2525.222,48.67626923437501,219.0580289999998
2018-02-28,2713.8300780000004,2694.052,2528.981,19.778076046875412,184.8490780000002
2018-03-01,2677.6699220000005,2683.6716,2529.443,6.001708859374503,148.2269220000003
2018-03-02,2691.25,2664.1504,2526.229,27.099609375,165.02100000000019
2018-03-05,2720.939941,2663.358,2524.8809,57.58203084375009,196.05904099999998
2018-03-06,2728.1201170000004,2670.2988,2525.4502,57.82128887500039,202.66991700000017
2018-03-07,2726.8000490000004,2678.8901,2529.3247,47.9099122812504,197.47534900000028
2018-03-08,2738.969971,2681.2048,2532.778,57.76513701562499,206.1919710000002
2018-03-09,2786.5700680000004,2687.885,2538.491,98.68505823437545,248.07906800000046
2018-03-12,2783.02002,2707.8704,2545.4517,75.14965867187493,237.56831999999986
2018-03-13,2765.3100590000004,2723.5928,2553.2812,41.717285562500365,212.02885900000047
2018-03-14,2749.4799800000005,2723.446,2560.7896,26.033935078125523,188.69038000000046
2018-03-15,2747.330078,2725.455,2564.5918,21.874999874999958,182.7382779999998
2018-03-16,2752.01001,2719.5886,2567.6135,32.421386953124966,184.39651000000003
2018-03-19,2712.919922,2695.8342,2562.267,17.085693484375042,150.65292200000022
2018-03-20,2716.9399410000005,2699.7783,2562.4075,17.161620687500545,154.53244100000074
2018-03-21,2711.9299320000005,2697.2844,2562.6262,14.645508171875463,149.3037320000003
2018-03-22,2643.6899410000005,2691.5654,2563.3472,47.875488687499455,80.34274100000039
2018-03-23,2588.2600100000004,2657.2942,2557.4097,69.03417945312458,30.850310000000263
2018-03-26,2658.5500490000004,2626.5476,2548.0364,32.0024415781254,110.51364900000044
2018-03-27,2612.620117,2631.3455,2543.0461,18.725341984375063,69.57401699999991
2018-03-28,2605.0000000000005,2617.0437,2536.3474,12.043701171874545,68.65260000000035
2018-03-29,2640.870117,2603.764,2528.0847,37.10620098437494,112.78541700000005
2018-04-02,2581.8798830000005,2610.0398,2524.0212,28.159911921874482,57.85868300000038
2018-04-03,2614.449951,2594.1118,2516.4172,20.338134593750056,98.03275100000019
2018-04-04,2644.6899410000005,2595.544,2510.7695,49.145995687500545,133.92044100000066
2018-04-05,2662.8400880000004,2599.7087,2508.3235,63.13134776562538,154.5165880000004
2018-04-06,2604.469971,2613.1685,2509.9631,8.698486031250013,94.50687100000005
2018-04-09,2613.159912,2601.2776,2508.5227,11.882324109375077,104.63721200000009
2018-04-10,2656.8701170000004,2605.705,2508.4263,51.16503887500039,148.4438170000003
2018-04-11,2642.189941,2614.2756,2508.915,27.91430623437509,133.27494100000013
2018-04-12,2663.98999,2622.1328,2510.7307,41.857177500000034,153.25928999999996
2018-04-13,2656.300049,2630.6414,2513.815,25.658691578124944,142.4850489999999
2018-04-16,2677.8400880000004,2637.867,2516.7468,39.97314464062538,161.09328800000048
2018-04-17,2706.389893,2648.0671,2519.9663,58.32275432812503,186.42359299999998
2018-04-18,2708.639893,2655.9697,2524.3494,52.67016643750003,184.29049299999997
2018-04-19,2693.1298830000005,2660.651,2528.172,32.47900409375052,164.9578830000005
2018-04-20,2670.1398930000005,2659.679,2530.44,10.460937921875484,139.69989300000043
2018-04-23,2670.2900390000004,2649.6873,2531.322,20.602783140625434,138.96803900000032
2018-04-24,2634.560059,2650.475,2532.8662,15.91503865625009,101.69385899999997
2018-04-25,2639.399902,2628.957,2530.2024,10.442870750000111,109.19750199999999
2018-04-26,2666.939941,2623.0876,2527.0,43.85229451562509,139.9399410000001
2018-04-27,2669.9099120000005,2624.5352,2525.1226,45.37475575000053,144.78731200000038
2018-04-30,2648.050049,2630.0476,2526.1545,18.002441578124944,121.89554899999985
2018-05-01,2654.800049,2623.8152,2524.4736,30.984863453124944,130.32644900000014
2018-05-02,2635.6699220000005,2624.6235,2522.936,11.046386843750497,112.73392200000035
2018-05-03,2629.72998,2613.0198,2519.4863,16.71020460937507,110.24368000000004
2018-05-04,2663.4199220000005,2607.2231,2515.1365,56.1967774687505,148.28342200000043
2018-05-07,2672.6298830000005,2616.9978,2515.2124,55.63208026562552,157.41748300000063
2018-05-08,2671.919922,2626.7688,2518.1602,45.15112317187504,153.75972200000024
2018-05-09,2697.7900390000004,2622.8296,2519.673,74.96044915625043,178.11703900000066
2018-05-10,2723.070068,2629.7542,2521.139,93.31591760937499,201.93106799999987
2018-05-11,2727.719971,2648.9707,2525.686,78.74926787499999,202.03397099999984
2018-05-14,2730.129883,2661.0068,2532.949,69.12304706250006,197.180883
2018-05-15,2711.4499510000005,2669.0178,2539.0093,42.43212873437551,172.44065100000034
2018-05-16,2722.4599610000005,2664.972,2541.6624,57.488037171875476,180.79756100000031
2018-05-17,2720.129883,2670.1929,2543.8079,49.93701190625006,176.32198300000027
2018-05-18,2712.9699710000004,2669.4436,2543.9585,43.52636748437544,169.01147100000026
2018-05-21,2733.0100100000004,2667.9834,2544.2964,65.02661156250042,188.71361000000024
2018-05-22,2724.439941,2678.0125,2547.0386,46.42748982812509,177.40134100000023
2018-05-23,2733.2900390000004,2676.8445,2548.1138,56.445556578125434,185.17623900000035
2018-05-24,2727.76001,2680.915,2548.6648,46.844970937499966,179.09520999999995
2018-05-25,2721.3300780000004,2682.089,2549.468,39.24096667187541,171.86207800000057
2018-05-29,2689.8601070000004,2685.2468,2551.152,4.613280828125426,138.70810700000038
2018-05-30,2724.0100100000004,2666.5076,2548.6038,57.50244164062542,175.40621000000056
2018-05-31,2705.2700200000004,2673.7083,2548.0757,31.561768046875386,157.19432000000052
2018-06-01,2734.620117,2661.947,2545.3914,72.67309551562494,189.22871699999996
2018-06-04,2746.870117,2674.89,2546.9636,71.98022442187494,199.9065169999999
2018-06-05,2748.800049,2686.768,2550.8623,62.031982593749944,197.93774900000017
2018-06-06,2772.3500980000003,2692.3752,2554.265,79.97485385937534,218.08509800000047
2018-06-07,2770.370117,2700.242,2557.8523,70.12817364062494,212.51781699999992
2018-06-08,2779.030029,2706.1023,2560.852,72.92773407812501,218.17802900000015
2018-06-11,2782.0,2717.0244,2566.0305,64.9755859375,215.96950000000015
2018-06-12,2786.850098,2721.4907,2570.7712,65.35937534374989,216.07889799999975
2018-06-13,2775.6298830000005,2724.4902,2574.349,51.13964862500052,201.28088300000036
2018-06-14,2782.48999,2720.4187,2575.5337,62.071288828125034,206.95629000000008
2018-06-15,2779.659912,2720.125,2575.9915,59.53491200000008,203.668412
2018-06-18,2773.75,2698.6936,2569.0684,75.056396484375,204.6815999999999
2018-06-19,2762.5900880000004,2716.6958,2570.0127,45.89428721875038,192.57738800000016
2018-06-20,2767.3200680000004,2709.2417,2569.693,58.07836878125045,197.62706800000024
2018-06-21,2749.76001,2715.7024,2571.6523,34.057617421874966,178.10770999999977
2018-06-22,2754.879883,2714.1287,2573.1882,40.75122089062506,181.691683
2018-06-25,2717.070068,2690.1067,2565.7598,26.963378546874992,151.31026800000018
2018-06-26,2723.060059,2696.6943,2562.318,26.36572306249991,160.7420589999997
2018-06-27,2699.629883,2698.4485,2560.3425,1.1813966718750635,139.28738299999986
2018-06-28,2716.3100590000004,2689.9912,2557.853,26.318848062500365,158.4570590000003
2018-06-29,2718.370117,2692.1035,2557.9307,26.266601374999937,160.43941700000005
2018-07-02,2726.709961,2692.492,2558.5447,34.21801764062502,168.1652610000001
2018-07-03,2713.219971,2696.9204,2561.8557,16.299560843749987,151.36427099999992
2018-07-05,2736.6101070000004,2709.5342,2569.896,27.075927312500426,166.71410700000024
2018-07-06,2759.820068,2703.0396,2573.981,56.78051721874999,185.83906799999977
2018-07-09,2784.169922,2719.812,2579.8335,64.35791028125004,204.33642199999986
2018-07-10,2793.840088,2727.5493,2584.6577,66.29077159374992,209.18238799999972
2018-07-11,2774.02002,2736.9805,2589.5652,37.03955124999993,184.45481999999993
2018-07-12,2798.290039,2736.2712,2593.9785,62.01879876562498,204.3115389999998
2018-07-13,2801.310059,2745.978,2598.5032,55.33203165624991,202.8068589999998
2018-07-16,2798.4299320000005,2753.6658,2603.4475,44.76416051562546,194.98243200000024
2018-07-17,2809.5500490000004,2752.9946,2606.706,56.5554200937504,202.84404900000027
2018-07-18,2815.6201170000004,2753.7231,2608.2805,61.89697246875039,207.33961700000054
2018-07-19,2804.48999,2757.746,2609.383,46.743896250000034,195.10699000000022
2018-07-20,2801.830078,2753.596,2609.2063,48.23413073437496,192.62377800000013
2018-07-23,2806.97998,2754.2766,2608.4226,52.70336867187507,198.5573800000002
2018-07-24,2820.399902,2757.753,2609.3784,62.64697231250011,211.02150200000005
2018-07-25,2846.070068,2757.0908,2609.1047,88.97924768749999,236.96536800000013
2018-07-26,2837.4399410000005,2763.5574,2608.9995,73.88256795312554,228.44044100000065
2018-07-27,2818.820068,2767.1228,2608.3948,51.69726526562499,210.42526799999996
2018-07-30,2802.6000980000003,2769.754,2608.283,32.846191750000344,194.31709800000044
2018-07-31,2816.290039,2769.4382,2608.2712,46.85180657812498,208.01883899999984
2018-08-01,2813.360107,2765.3267,2606.2825,48.03344684374997,207.07760700000017
2018-08-02,2827.219971,2769.5586,2606.4688,57.66137724999999,220.75117099999989
2018-08-03,2840.3500980000003,2772.1396,2607.7224,68.21044956250034,232.62769800000024
2018-08-06,2850.399902,2783.531,2612.0298,66.86889614062511,238.37010200000032
2018-08-07,2858.4499510000005,2791.373,2617.843,67.07690412500051,240.60695100000066
2018-08-08,2857.699951,2795.7935,2622.285,61.906493968750056,235.4149510000002
2018-08-09,2853.5800780000004,2802.571,2627.0725,51.00903307812541,226.5075780000002
2018-08-10,2833.280029,2805.4138,2630.2747,27.866210640625013,203.00532900000007
2018-08-13,2821.9299320000005,2798.5579,2630.777,23.372070671875463,191.15293200000042
2018-08-14,2839.959961,2794.0237,2631.2422,45.93627935937502,208.71776099999988
2018-08-15,2818.370117,2797.3752,2632.9744,20.994872859374937,185.39571699999988
2018-08-16,2840.689941,2781.0327,2631.3098,59.65722615625009,209.3801410000001
2018-08-17,2850.129883,2789.9001,2631.9055,60.22973651562506,218.22438300000022
2018-08-20,2857.050049,2797.3325,2633.9685,59.717529468749944,223.081549
2018-08-21,2862.9599610000005,2805.4915,2638.2449,57.468505921875476,224.71506100000033
2018-08-22,2861.820068,2806.4346,2641.0947,55.38549768749999,220.7253679999999
2018-08-23,2856.97998,2817.3323,2644.5972,39.64770460937507,212.3827799999999
2018-08-24,2874.689941,2817.888,2647.7043,56.80200154687509,226.98564100000021
2018-08-27,2896.7399900000005,2824.5508,2651.6182,72.18920875000049,245.1217900000006
2018-08-28,2897.5200200000004,2828.7751,2655.7456,68.74487351562539,241.7744200000002
2018-08-29,2914.040039,2836.5403,2660.2756,77.49975579687498,253.76443900000004
2018-08-30,2901.129883,2843.7295,2663.7937,57.40039081250006,237.3361829999999
2018-08-31,2901.52002,2844.8489,2666.5947,56.67114304687493,234.92531999999983
2018-09-04,2896.719971,2845.4883,2668.2996,51.23168974999999,228.42037100000016
2018-09-05,2888.600098,2841.4685,2668.102,47.13159214062489,220.49809800000003
2018-09-06,2878.050049,2836.156,2666.5332,41.894043140624944,211.5168490000001
2018-09-07,2871.6799320000005,2831.9717,2665.027,39.70825231250046,206.65293200000042
2018-09-10,2877.129883,2831.8574,2663.3274,45.27246112500006,213.80248299999994
2018-09-11,2887.889893,2835.6333,2663.3596,52.25659221875003,224.53029300000026
2018-09-12,2888.919922,2835.1953,2663.7634,53.72460950000004,225.15652200000022
2018-09-13,2904.1799320000005,2833.593,2662.815,70.58691442187546,241.3649320000004
2018-09-14,2904.97998,2840.718,2662.942,64.26196242187507,242.03798000000006
2018-09-17,2888.8000490000004,2844.1755,2664.3992,44.6245118906254,224.40084900000056
2018-09-18,2904.310059,2843.9285,2666.4617,60.38159220312491,237.84835900000007
2018-09-19,2907.949951,2847.669,2667.458,60.281005687500056,240.49195099999997
2018-09-20,2930.75,2847.2578,2668.1426,83.4921875,262.60739999999987
2018-09-21,2929.669922,2853.268,2669.4504,76.40185559375004,260.21952199999987
2018-09-24,2919.370117,2829.61,2661.2026,89.76000957812494,258.16751699999986
2018-09-25,2915.560059,2849.0994,2661.1597,66.46069376562491,254.40035899999975
2018-09-26,2905.969971,2854.208,2661.515,51.76196318749999,244.4549710000001
2018-09-27,2914.0000000000005,2856.6548,2660.7725,57.345214843750455,253.22750000000042
2018-09-28,2913.97998,2855.2446,2660.9573,58.73535109375007,253.02268000000004
2018-10-01,2924.5900880000004,2854.836,2660.7842,69.75415050000038,263.8058880000003
2018-10-02,2923.429932,2858.3806,2662.6655,65.04931676562501,260.76443199999994
2018-10-03,2925.5100099999995,2862.0496,2663.6133,63.46044945312451,261.89670999999953
2018-10-04,2901.6101070000004,2859.7935,2664.9976,41.816649968750426,236.61250700000028
2018-10-05,2885.5700680000004,2856.1377,2664.9824,29.432372687500447,220.58766800000058
2018-10-08,2884.429932,2852.4302,2664.3892,31.999756218750008,220.04073199999993
2018-10-09,2880.340088,2846.3708,2663.6084,33.96923839062492,216.73168799999985
2018-10-10,2785.679932,2839.3699,2662.4045,53.68994104687499,123.27543199999991
2018-10-11,2728.3701170000004,2795.6643,2652.0486,67.29418964062461,76.32151700000031
2018-10-12,2767.129883,2749.0942,2634.555,18.035644718750063,132.57488300000023
2018-10-15,2750.7900390000004,2746.265,2621.6057,4.525146421875434,129.18433900000036
2018-10-16,2809.9199220000005,2741.694,2612.4155,68.2258302031255,197.50442200000043
2018-10-17,2809.209961,2745.907,2608.9148,63.30297857812502,200.295161
2018-10-18,2768.780029,2753.3838,2608.0957,15.396239937500013,160.68432900000016
2018-10-19,2767.780029,2746.9417,2604.15,20.838378609375013,163.63002899999992
2018-10-22,2755.879883,2743.7007,2601.0127,12.179199406250063,154.86718299999984
2018-10-23,2740.6899410000005,2742.5986,2598.3638,1.9086918124994554,142.32614100000046
2018-10-24,2656.1000980000003,2716.821,2589.3635,60.720946921874656,66.73659800000041
2018-10-25,2705.570068,2681.242,2574.386,24.328124640624992,131.18406800000002
2018-10-26,2658.689941,2675.4075,2561.924,16.71752970312491,96.76594100000011
2018-10-29,2641.25,2650.4956,2547.6946,9.24560546875,93.55540000000019
2018-10-30,2682.6298830000005,2637.3481,2534.2239,45.28173846875052,148.40598300000056
2018-10-31,2711.73999,2633.8733,2522.663,77.86669898437503,189.07699000000002
2018-11-01,2740.3701170000004,2643.0032,2517.695,97.36694317187539,222.67511700000023
2018-11-02,2723.060059,2662.6316,2518.138,60.42846720312491,204.922059
2018-11-05,2738.310059,2676.5327,2521.0994,61.77734415624991,217.21065899999985
2018-11-06,2755.4499510000005,2696.7754,2527.3623,58.67456037500051,228.08765100000073
2018-11-07,2813.8898930000005,2713.0706,2535.5723,100.81933635937548,278.31759300000067
2018-11-08,2806.8300780000004,2725.158,2545.983,81.67211901562541,260.84707800000024
2018-11-09,2781.0100100000004,2737.5671,2555.7893,43.44287132812542,225.2207100000005
2018-11-12,2726.2199710000004,2732.049,2560.7385,5.829101265624558,165.4814710000005
2018-11-13,2722.1799320000005,2719.011,2563.4285,3.1689456718754627,158.75143200000048
2018-11-14,2701.5800780000004,2709.095,2561.4304,7.514892703124588,140.14967800000022
2018-11-15,2730.199951,2694.4763,2556.6233,35.723632640625056,173.57665099999986
2018-11-16,2736.27002,2692.2817,2553.085,43.98828171874993,183.1850199999999
2018-11-19,2690.7299800000005,2691.7505,2552.304,1.0205082812494766,138.42598000000044
2018-11-20,2641.889893,2683.4236,2550.8052,41.53369098437497,91.08469300000024
2018-11-21,2649.929932,2654.3406,2543.3057,4.410644171874992,106.62423200000012
2018-11-23,2632.5600590000004,2658.613,2540.9333,26.052978109374635,91.62675900000022
2018-11-26,2673.449951,2667.7517,2544.1487,5.6982420156250555,129.30125099999987
2018-11-27,2682.169922,2653.3354,2541.0017,28.834472781250042,141.16822200000024
2018-11-28,2743.7900390000004,2656.5715,2540.0293,87.21850579687543,203.76073900000029
2018-11-29,2737.800049,2668.8123,2541.217,68.98779314062494,196.58304899999985
2018-11-30,2760.1699220000005,2682.041,2544.8928,78.1289063750005,215.27712200000042
2018-12-03,2790.3701170000004,2679.8035,2545.5535,110.56665020312539,244.8166170000004
2018-12-04,2700.0600590000004,2701.3323,2548.6968,1.272216390624635,151.3632590000002
2018-12-06,2695.949951,2682.9463,2546.427,13.003661937500056,149.52295099999992
2018-12-07,2633.080078,2656.7458,2538.7188,23.665771609375042,94.36127799999986
2018-12-10,2637.719971,2643.8367,2532.0388,6.116698921875013,105.68117100000018
2018-12-11,2636.780029,2630.4233,2525.1907,6.356689156250013,111.5893289999999
2018-12-12,2651.0700680000004,2626.656,2521.328,24.414062140625447,129.74206800000047
2018-12-13,2650.540039,2627.9573,2519.1726,22.58276360937498,131.3674390000001
2018-12-14,2599.949951,2628.2656,2517.122,28.315673999999944,82.82795100000021
2018-12-17,2545.9399410000005,2610.1997,2511.7927,64.25976603124946,34.14724100000058
2018-12-18,2546.159912,2576.2983,2500.3057,30.138427843749923,45.85421200000019
2018-12-19,2506.959961,2558.7034,2489.6143,51.74340814062498,17.345660999999836
2018-12-20,2467.419922,2526.7905,2474.3633,59.37060534374996,6.943377999999939
2018-12-21,2416.6201170000004,2481.2107,2453.607,64.59057635937461,36.98688299999958
2018-12-24,2351.100098,2429.4932,2427.6196,78.39306606250011,76.5195020000001
2018-12-26,2467.699951,2432.5093,2408.1301,35.190673656250056,59.5698510000002
2018-12-27,2488.8300780000004,2425.1182,2393.8345,63.71191393750041,94.99557800000048
2018-12-28,2485.73999,2434.2385,2385.0974,51.501464609375034,100.64258999999993
2018-12-31,2506.850098,2451.1768,2381.3894,55.67334018749989,125.46069799999987
2019-01-02,2510.030029,2470.8965,2382.0857,39.13354462500001,127.94432899999993
2019-01-03,2447.8898930000005,2479.6584,2383.1304,31.768554265624516,64.75949300000048
2019-01-04,2531.939941,2470.4229,2380.8938,61.51708943750009,151.04614100000026
2019-01-07,2549.689941,2486.4863,2382.128,63.20361287500009,167.56194099999993
2019-01-08,2574.409912,2503.3193,2386.1746,71.09057606250008,188.23531200000025
2019-01-09,2584.9599610000005,2516.726,2392.5273,68.23388678125048,192.43266100000028
2019-01-10,2596.6398930000005,2528.0122,2399.5186,68.62768596875048,197.1212930000006
2019-01-11,2596.26001,2540.4436,2407.997,55.816406484374966,188.26301000000012
2019-01-14,2582.610107,2550.7305,2416.5403,31.87963824999997,166.06980699999986
2019-01-15,2610.300049,2549.572,2422.5903,60.728027515624944,187.7097490000001
2019-01-16,2616.100098,2560.4924,2428.8398,55.60766635937489,187.2602979999997
2019-01-17,2635.9599610000005,2562.1968,2434.1775,73.76318365625048,201.7824610000007
2019-01-18,2670.709961,2568.756,2439.4172,101.95385748437502,231.29276100000016
2019-01-22,2632.899902,2582.01,2444.5947,50.88989223437511,188.305202
2019-01-23,2638.699951,2580.8076,2447.526,57.892333812500056,191.17395100000022
2019-01-24,2642.330078,2591.4844,2452.5293,50.84570299999996,189.8007779999998
2019-01-25,2664.7600100000004,2601.8135,2457.6262,62.94653343750042,207.13381000000027
2019-01-28,2643.8500980000003,2610.5923,2462.6008,33.257812843750344,181.24929800000018
2019-01-29,2640.0,2611.4058,2466.3296,28.59423828125,173.67039999999997
2019-01-30,2681.0500490000004,2614.1865,2470.2676,66.8635255625004,210.78244900000027
2019-01-31,2704.1000980000003,2622.245,2475.0103,81.85498081250034,229.08979800000043
2019-02-01,2706.5300290000005,2621.1284,2477.114,85.40161103125047,229.41602900000044
2019-02-04,2724.870117,2641.8093,2482.8542,83.06079082812494,242.01591699999972
2019-02-05,2737.699951,2658.566,2491.345,79.13403303125006,246.35495100000026
2019-02-06,2731.6101070000004,2667.3071,2499.9685,64.30297809375043,231.64160700000048
2019-02-07,2706.050049,2672.6667,2508.0217,33.383300953124944,198.02834900000016
2019-02-08,2707.879883,2660.0393,2511.133,47.84057635937506,196.74688300000025
2019-02-11,2709.800049,2663.9883,2514.011,45.811767749999944,195.78904899999998
2019-02-12,2744.72998,2670.4822,2517.5984,74.24780226562507,227.1315800000002
2019-02-13,2753.0300290000005,2674.5046,2521.9968,78.52539032812547,231.03322900000057
2019-02-14,2745.7299800000005,2684.8372,2527.5732,60.89282179687552,218.1567800000007
2019-02-15,2775.600098,2686.8374,2531.4148,88.76269565624989,244.18529799999988
2019-02-19,2779.7600100000004,2698.6958,2537.3037,81.06420921875042,242.45631000000049
2019-02-20,2784.699951,2704.1758,2543.9854,80.52416975000006,240.71455100000003
2019-02-21,2774.879883,2708.0525,2548.2197,66.82739276562506,226.66018299999996
2019-02-22,2792.6699220000005,2714.5723,2551.6716,78.0976563750005,240.99832200000037
2019-02-25,2796.110107,2723.4023,2556.2183,72.70776324999997,239.89180699999997
2019-02-26,2793.899902,2727.095,2559.0813,66.80493129687511,234.81860200000028
2019-02-27,2792.379883,2732.8452,2561.9353,59.53466815625006,230.44458299999997
2019-02-28,2784.48999,2736.781,2563.2688,47.708984140625034,221.2211900000002
2019-03-01,2803.6899410000005,2729.2354,2562.3333,74.45458943750054,241.35664100000076
2019-03-04,2792.8100590000004,2736.392,2563.9888,56.417969156250365,228.82125900000028
2019-03-05,2789.6499020000006,2736.9329,2565.8352,52.717040671875566,223.81470200000058
2019-03-06,2771.449951,2739.9412,2568.8115,31.508788890625056,202.63845100000026
2019-03-07,2748.929932,2736.3699,2569.175,12.560058953125008,179.75493199999983
2019-03-08,2743.0700680000004,2725.2996,2567.8599,17.770507453125447,175.21016800000052
2019-03-11,2783.300049,2723.5916,2567.1228,59.708496265624944,216.17724899999985
2019-03-12,2791.52002,2726.3052,2568.3582,65.21484421874993,223.1618199999998
2019-03-13,2810.9199220000005,2740.7822,2571.7942,70.1376954375005,239.12572200000068
2019-03-14,2808.47998,2749.0046,2574.8132,59.47534132812507,233.66678000000002
2019-03-15,2822.47998,2754.166,2580.4126,68.31396437500007,242.06737999999996
2019-03-18,2832.939941,2736.008,2574.8428,96.93188435937509,258.0971410000002
2019-03-19,2832.5700680000004,2761.0876,2579.1782,71.48242151562545,253.3918680000006
2019-03-20,2824.22998,2767.1858,2584.1733,57.04418898437507,240.05668000000014
2019-03-21,2854.8798830000005,2766.255,2588.2227,88.62500018750052,266.6571830000007
2019-03-22,2800.7099610000005,2777.6426,2593.0278,23.067382875000476,207.68216100000063
2019-03-25,2798.360107,2760.3486,2593.4404,38.01147418749997,204.91970700000002
2019-03-26,2818.459961,2765.0928,2595.1636,53.36718756250002,223.29636100000016
2019-03-27,2805.370117,2770.0195,2598.638,35.35058574999994,206.73211700000002
2019-03-28,2815.439941,2765.946,2601.382,49.49389607812509,214.05794100000003
2019-03-29,2834.3999020000006,2772.2834,2603.7947,62.116454734375566,230.60520200000065
2019-04-01,2867.189941,2772.3733,2604.5376,94.81664998437509,262.652341
2019-04-02,2867.2399900000005,2785.9563,2608.358,81.28369117187549,258.8819900000003
2019-04-03,2873.399902,2797.9436,2612.096,75.45629848437511,261.3039020000001
2019-04-04,2879.389893,2802.0571,2614.7883,77.33276409375003,264.60159299999987
2019-04-05,2892.7399900000005,2813.4739,2620.1423,79.26611304687549,272.5976900000005
2019-04-08,2895.7700200000004,2819.7927,2625.8213,75.97729539062539,269.9487200000003
2019-04-09,2878.199951,2825.7039,2631.2434,52.496093578125056,246.95655100000022
2019-04-10,2888.2099610000005,2824.4668,2635.6392,63.743164125000476,252.5707610000004
2019-04-11,2888.320068,2826.8647,2638.8577,61.45532190624999,249.46236799999997
2019-04-12,2907.4099120000005,2830.787,2641.8088,76.62280262500053,265.60111200000074
2019-04-15,2905.5800780000004,2826.7666,2642.0808,78.81347643750041,263.49927800000023
2019-04-16,2907.060059,2837.0732,2643.6367,69.98681681249991,263.4233589999999
2019-04-17,2900.449951,2837.4207,2643.5613,63.029296703125056,256.8886510000002
2019-04-18,2905.0300289999996,2834.2395,2642.883,70.79052704687456,262.14702899999975
2019-04-22,2907.969971,2835.3875,2642.3765,72.58251982812499,265.59347100000014
2019-04-23,2933.679932,2843.6426,2643.8916,90.03735387500001,289.7883320000001
2019-04-24,2927.25,2842.7278,2645.0386,84.522216796875,282.21140000000014
2019-04-25,2926.1699219999996,2849.293,2646.931,76.87695324999959,279.23892199999955
2019-04-26,2939.879883,2851.8352,2649.2139,88.04467792187506,290.66598299999987
2019-04-29,2943.030029,2860.0356,2652.4407,82.99438446875001,290.5893289999999
2019-04-30,2945.830078,2866.5215,2656.669,79.30859362499996,289.1610780000001
2019-05-01,2923.7299799999996,2857.027,2657.4011,66.70288039062461,266.3288799999996
2019-05-02,2917.52002,2860.0332,2658.9429,57.48681687499993,258.5771199999999
2019-05-03,2945.639893,2857.3865,2658.4556,88.25341839062503,287.18429300000025
2019-05-06,2932.469971,2866.6484,2661.0503,65.82153349999999,271.4196710000001
2019-05-07,2884.050049,2866.8608,2662.715,17.189209156249944,221.3350489999998
2019-05-08,2879.4199220000005,2845.5024,2659.9785,33.9174805937505,219.44142200000033
2019-05-09,2870.7199710000004,2840.6157,2657.769,30.10424834375044,212.95097100000066
2019-05-10,2881.399902,2825.769,2654.7212,55.63085903125011,226.67870200000016
2019-05-13,2811.8701170000004,2821.5286,2651.9539,9.658447453124609,159.91621700000042
2019-05-14,2834.409912,2793.2732,2643.8623,41.13671864062508,190.5476120000003
2019-05-15,2850.959961,2792.5386,2639.278,58.42138678125002,211.68196100000023
2019-05-16,2876.3200680000004,2794.4346,2636.3552,81.88549768750045,239.96486800000048
2019-05-17,2859.530029,2801.619,2634.9507,57.91113251562501,224.57932900000014
2019-05-20,2840.2299800000005,2803.6123,2633.8364,36.61767531250052,206.39358000000038
2019-05-21,2864.360107,2800.7446,2631.2422,63.61547809374997,233.11790699999983
2019-05-22,2856.27002,2806.621,2630.703,49.64892624999993,225.56701999999996
2019-05-23,2822.23999,2806.92,2630.6082,15.320068125000034,191.6317899999999
2019-05-24,2826.060059,2786.697,2625.4707,39.36303751562491,200.58935900000006
2019-05-28,2802.3898930000005,2797.0942,2623.9148,5.295654718750484,178.47509300000047
2019-05-29,2783.02002,2774.7168,2616.9849,8.303223124999931,166.03512
2019-05-30,2788.8601070000004,2765.3005,2610.5261,23.559569890625426,178.33400700000038
2019-05-31,2752.0600590000004,2763.238,2607.1536,11.177978109374635,144.90645900000027
2019-06-03,2744.449951,2738.5579,2599.803,5.8920896718750555,144.64695100000017
2019-06-04,2803.27002,2726.2363,2593.0164,77.03369187499993,210.25361999999996
2019-06-05,2826.1499020000006,2736.3586,2590.4565,89.79125942187557,235.6934020000008
2019-06-06,2843.48999,2751.1274,2591.5757,92.36254859375003,251.91429000000016
2019-06-07,2873.3400880000004,2766.3904,2594.6812,106.94970714062538,278.6588880000004
2019-06-10,2886.72998,2785.7126,2600.4207,101.01733351562507,286.30927999999994
2019-06-11,2885.719971,2803.4412,2607.0122,82.27880889062499,278.70777099999987
2019-06-12,2879.840088,2808.513,2611.825,71.32714854687492,268.0150880000001
2019-06-13,2891.639893,2817.5493,2617.1882,74.09057659375003,274.451693
2019-06-14,2886.9799800000005,2823.375,2621.978,63.60498000000052,265.00198000000046
2019-06-17,2889.6699220000005,2827.601,2626.4553,62.0688477812505,263.2146220000004
2019-06-18,2917.75,2831.8574,2630.4773,85.892578125,287.2727
2019-06-19,2926.459961,2833.0276,2633.1794,93.43237310937502,293.28056100000003
2019-06-20,2954.1799319999996,2840.1755,2636.3425,114.00439489062455,317.83743199999935
2019-06-21,2950.4599609999996,2842.3054,2637.6516,108.15454107812457,312.8083609999994
2019-06-24,2945.3500979999994,2831.489,2634.0625,113.86108432812443,311.28759799999943
2019-06-25,2917.379883,2854.3853,2636.648,62.99462909375006,280.7318829999999
2019-06-26,2913.780029,2847.536,2636.7185,66.24414032812501,277.06152900000006
2019-06-27,2924.919922,2852.6404,2635.902,72.27954114062504,289.017922
2019-06-28,2941.76001,2862.7256,2637.0054,79.03442406249997,304.75460999999996
2019-07-01,2964.330078,2842.234,2629.9368,122.09619128124996,334.393278
2019-07-02,2973.01001,2875.1821,2632.1577,97.82788109374997,340.85230999999976
2019-07-03,2995.820068,2889.8584,2637.8572,105.96166956249999,357.96286800000007
2019-07-05,2990.409912,2917.5032,2650.949,72.90673817187508,339.460912
2019-07-08,2975.949951,2918.4421,2661.684,57.507812328125056,314.26595099999986
2019-07-09,2979.629883,2913.2173,2669.0376,66.41259784375006,310.59228299999995
2019-07-10,2993.070068,2913.8936,2673.5542,79.17651331249999,319.51586799999995
2019-07-11,2999.9099119999996,2916.841,2677.3926,83.06884754687462,322.5173119999995
2019-07-12,3013.7700199999995,2920.38,2681.0723,93.39013718749948,332.69771999999966
2019-07-15,3014.3000490000004,2926.2598,2686.3054,88.0402833750004,327.9946490000002
2019-07-16,3004.040039,2932.383,2690.8682,71.65698235937498,313.1718390000001
2019-07-17,2984.4199220000005,2929.432,2692.602,54.9880372343755,291.81792200000064
2019-07-18,2995.110107,2926.7434,2693.6792,68.36669879687497,301.43090699999993
2019-07-19,2976.610107,2924.7725,2693.647,51.83764606249997,282.96310700000004
2019-07-22,2985.030029,2921.8167,2693.155,63.21337860937501,291.8750289999998
2019-07-23,3005.469971,2923.6,2693.922,81.86987334374999,311.54797099999996
2019-07-24,3019.560059,2924.954,2694.0244,94.60595743749991,325.5356590000001
2019-07-25,3003.6699220000005,2927.8755,2694.8977,75.7944337187505,308.7722220000005
2019-07-26,3025.860107,2925.8457,2694.7598,100.01440387499997,331.10030700000016
2019-07-29,3020.969971,2938.692,2696.9294,82.27807646874999,324.040571
2019-07-30,3013.179932,2944.24,2699.315,68.93994176562501,313.86493199999995
2019-07-31,2980.3798830000005,2938.6282,2699.2834,41.75170917187552,281.0964830000007
2019-08-01,2953.5600589999995,2916.7024,2693.715,36.857666421874455,259.8450589999993
2019-08-02,2932.050049,2909.0164,2687.9663,23.033691578124944,244.0837489999999
2019-08-05,2844.73999,2894.8806,2683.833,50.140625234374966,160.90698999999995
2019-08-06,2881.77002,2844.8257,2672.6487,36.94433640624993,209.12131999999974
2019-08-07,2883.9799800000005,2835.6755,2663.0476,48.30444289062552,220.93238000000065
2019-08-08,2938.090088,2820.077,2653.3528,118.01318370312492,284.7372879999998
2019-08-09,2918.649902,2836.8438,2648.431,81.80615200000011,270.21890200000007
2019-08-12,2882.6999510000005,2849.7954,2648.156,32.90454084375051,234.54395100000056
2019-08-13,2926.3200679999995,2854.9329,2648.7341,71.38720667187454,277.5859679999994
2019-08-14,2840.6000980000003,2853.643,2646.9224,13.042968406249656,193.67769800000042
2019-08-15,2847.6000980000003,2826.5261,2640.5703,21.073974953125344,207.02979800000048
2019-08-16,2888.679932,2817.8262,2633.957,70.85376012500001,254.72293200000013
2019-08-19,2923.649902,2829.0278,2632.7676,94.62206996875011,290.882302
2019-08-20,2900.51001,2849.0435,2635.5823,51.466552968749966,264.92770999999993
2019-08-21,2924.429932,2854.7495,2638.7607,69.68042028125001,285.6692320000002
2019-08-22,2922.949951,2867.8967,2643.541,55.053222484375056,279.4089509999999
2019-08-23,2847.110107,2876.0156,2648.9297,28.90551800000003,198.18040699999983
2019-08-26,2878.3798830000005,2849.1191,2645.2927,29.260742375000518,233.08718300000055
2019-08-27,2869.159912,2860.768,2645.6199,8.391845593750077,223.54001199999993
2019-08-28,2887.939941,2851.1062,2644.4585,36.83373982812509,243.4814409999999
2019-08-29,2924.580078,2854.3608,2645.8274,70.21923815624996,278.75267799999983
2019-08-30,2926.459961,2864.2021,2649.3047,62.25781256250002,277.1552609999999
2019-09-03,2906.27002,2873.8848,2653.8647,32.38525437499993,252.40531999999985
2019-09-04,2937.780029,2864.9697,2655.2302,72.81030243750001,282.54982900000005
2019-09-05,2976.0000000000005,2875.371,2658.4268,100.62890625000045,317.57320000000027
2019-09-06,2978.709961,2879.5022,2660.5874,99.20776373437502,318.12256100000013
2019-09-09,2978.429932,2893.9043,2665.4404,84.52563512500001,312.98953200000005
2019-09-10,2979.389893,2887.6638,2666.682,91.72607464062503,312.70789300000024
2019-09-11,3000.929932,2885.0247,2664.7925,115.90527379687501,336.137432
2019-09-12,3009.570068,2894.9587,2665.1472,114.61132776562499,344.4228680000001
2019-09-13,3007.3898930000005,2903.6018,2667.5178,103.78808635937548,339.8720930000004
2019-09-16,2997.959961,2913.8052,2670.8303,84.15478521875002,327.12966099999994
2019-09-17,3005.699951,2903.0803,2669.6633,102.61962873437506,336.0366509999999
2019-09-18,3006.72998,2911.2563,2670.9236,95.47363234375007,335.80638
2019-09-19,3006.790039,2917.547,2674.1345,89.24291985937498,332.65553899999986
2019-09-20,2992.070068,2979.3652,2695.2554,12.704833624999992,296.814668
2019-09-23,2991.780029,2924.491,2690.8264,67.28906220312501,300.9536290000001
2019-09-24,2966.600098,2950.5405,2692.6853,16.05957065624989,273.9147979999998
2019-09-25,2984.8701169999995,2934.8052,2690.3171,50.06494121874948,294.5530169999993
2019-09-26,2977.620117,2938.5066,2690.3447,39.11352520312494,287.27541699999983
2019-09-27,2961.7900390000004,2943.12,2691.0374,18.669921812500434,270.7526390000003
2019-09-30,2976.73999,2939.0378,2689.6582,37.702148203125034,287.0817900000002
2019-10-01,2940.2499999999995,2936.184,2688.9143,4.065917968749545,251.33569999999963
2019-10-02,2887.6101070000004,2924.2222,2686.745,36.612060968749574,200.86510700000053
2019-10-03,2910.629883,2891.3953,2681.0486,19.234619328125063,229.58128299999998
2019-10-04,2952.0100099999995,2884.6975,2675.6765,67.31250023437451,276.3335099999995
2019-10-07,2938.790039,2893.1653,2676.4507,45.62475579687498,262.3393390000001
2019-10-08,2893.060059,2895.5334,2677.777,2.47338826562509,215.28305899999987
2019-10-09,2919.399902,2878.9297,2675.0083,40.47021450000011,244.39160200000015
2019-10-10,2938.129883,2888.9265,2675.848,49.20336932812506,262.2818830000001
2019-10-11,2970.27002,2888.3584,2676.436,81.91162156249993,293.8340199999998
2019-10-14,2966.149902,2900.4546,2676.742,65.69531215625011,289.4079019999999
2019-10-15,2995.679932,2920.7485,2680.78,74.93139684375001,314.8999319999998
2019-10-16,2989.689941,2923.0845,2682.1882,66.60546834375009,307.50174100000004
2019-10-17,2997.9499510000005,2933.1938,2683.743,64.75610334375051,314.2069510000006
2019-10-18,2986.199951,2937.8708,2688.8386,48.329101390625056,297.361351
2019-10-21,3006.719971,2935.0125,2692.7678,71.70751982812499,313.9521709999999
2019-10-22,2995.98999,2943.164,2695.6082,52.825927500000034,300.3817899999999
2019-10-23,3004.52002,2938.2273,2697.5862,66.29272507812493,306.93381999999974
2019-10-24,3010.290039,2941.112,2699.2727,69.17797845312498,311.017339
2019-10-25,3022.550049,2940.9387,2699.3708,81.61132829687494,323.1792489999998
2019-10-28,3039.4199220000005,2950.0305,2700.4792,89.3894044218755,338.9407220000003
2019-10-29,3036.8898929999996,2953.8088,2702.3774,83.08105510937457,334.5124929999997
2019-10-30,3046.77002,2958.3604,2703.5596,88.40966843749993,343.2104199999999
2019-10-31,3037.560059,2962.7458,2703.7537,74.81420939062491,333.8063589999997
2019-11-01,3066.909912,2966.4258,2703.569,100.48413075000008,363.3409120000001
2019-11-04,3078.27002,2967.6802,2706.763,110.58984421874993,371.50702
2019-11-05,3074.6201170000004,2972.168,2709.2815,102.45214825000039,365.33861700000034
2019-11-06,3076.780029,2974.6226,2709.4739,102.15747040625001,367.30612900000006
2019-11-07,3085.179932,2979.8242,2709.1455,105.35571325000001,376.0344319999999
2019-11-08,3093.0800780000004,2989.9766,2710.6956,103.10351550000041,382.3844780000004
2019-11-11,3087.01001,2996.9622,2716.8276,90.04785179687497,370.1824099999999
2019-11-12,3091.840088,3007.9844,2723.5046,83.85571299999992,368.3354879999997
2019-11-13,3094.0400389999995,3008.8774,2727.8506,85.16259759374952,366.1894389999993
2019-11-14,3096.629883,3009.0547,2731.867,87.57519550000006,364.7628829999999
2019-11-15,3120.459961,3018.1714,2734.7678,102.28857428125002,385.69216099999994
2019-11-18,3122.0300290000005,3027.269,2738.0134,94.76098603125047,384.01662900000065
2019-11-19,3120.179932,3031.1514,2740.942,89.02856481250001,379.237932
2019-11-20,3108.4599609999996,3030.717,2743.7856,77.74291998437457,364.6743609999994
2019-11-21,3103.540039,3024.6035,2743.4167,78.93652337499998,360.12333899999976
2019-11-22,3110.2900389999995,3028.5596,2743.3877,81.73046868749952,366.9023389999993
2019-11-25,3133.6398929999996,3036.2893,2746.0127,97.35058635937457,387.62719299999935
2019-11-26,3140.52002,3041.9338,2747.8281,98.58618210937493,392.69191999999975
2019-11-27,3153.629883,3034.179,2745.4705,119.45092792187506,408.15938300000016
2019-11-29,3140.9799800000005,3055.6404,2751.035,85.33959914062552,389.94498000000067
2019-12-02,3113.870117,3076.097,2762.491,37.77319317187494,351.37911699999995
2019-12-03,3093.199951,3052.7988,2765.2458,40.401122875000056,327.9541509999999
2019-12-04,3112.76001,3037.5215,2764.6335,75.23852562499997,348.12651000000005
2019-12-05,3117.4299320000005,3038.2988,2763.1243,79.13110387500046,354.3056320000005
2019-12-06,3145.909912,3043.2502,2763.0715,102.65966785937508,382.83841200000006
2019-12-09,3135.9599609999996,3047.5664,2764.6702,88.39355474999957,371.28976099999954
2019-12-10,3132.52002,3051.9255,2766.642,80.59448289062493,365.8780200000001
2019-12-11,3141.629883,3053.2927,2768.3372,88.33715839062506,373.2926830000001
2019-12-12,3168.570068,3056.2249,2770.8635,112.34521448437499,397.70656800000006
2019-12-13,3168.800049,3052.8333,2771.0134,115.96679704687494,397.7866490000001
2019-12-16,3191.4499510000005,3061.281,2771.4934,130.1689451406255,419.9565510000007
2019-12-17,3192.52002,3066.006,2771.0994,126.51391648437493,421.4206199999999
2019-12-18,3191.139893,3075.0496,2771.5056,116.09033245312503,419.63429300000007
2019-12-19,3205.370117,3072.9822,2772.1558,132.38793926562494,433.21431699999994
2019-12-20,3221.2199710000004,3082.8135,2773.503,138.40649443750044,447.7169710000003
2019-12-23,3224.0100099999995,3052.3206,2765.0007,171.6894533593745,459.00930999999946
2019-12-24,3223.379883,3094.5688,2769.4995,128.81103534375006,453.88038300000017
2019-12-26,3239.909912,3130.208,2782.275,109.70190418750008,457.634912
2019-12-27,3240.0200200000004,3126.7507,2791.7988,113.26928757812539,448.22122000000036
2019-12-30,3221.2900389999995,3134.2698,2799.5046,87.02026360937452,421.7854389999993
2019-12-31,3230.780029,3127.713,2802.263,103.06713837500001,428.5170290000001
2020-01-02,3257.850098,3130.8838,2804.3809,126.96630893749989,453.4691979999998
2020-01-03,3234.8500980000003,3133.3572,2804.6538,101.49292026562534,430.1962980000003
2020-01-06,3246.2800289999996,3132.314,2803.565,113.96606415624956,442.7150289999995
2020-01-07,3237.179932,3129.1182,2802.126,108.06176793750001,435.0539319999998
2020-01-08,3253.050049,3133.373,2801.8738,119.67700212499994,451.1762490000001
2020-01-09,3274.699951,3132.0332,2801.9697,142.66674787500006,472.73025099999995
2020-01-10,3265.3500980000003,3141.042,2803.5554,124.30810581250034,461.79469800000015
2020-01-13,3288.129883,3151.3352,2807.359,136.79467792187506,480.77088300000014
2020-01-14,3283.149902,3156.3118,2810.084,126.83813442187511,473.0659020000003
2020-01-15,3289.290039,3157.1804,2811.9124,132.10961907812498,477.3776389999998
2020-01-16,3316.810059,3161.4333,2812.668,155.3767093906249,504.1420589999998
2020-01-17,3329.620117,3170.023,2815.5579,159.59716778124994,514.0622170000001
2020-01-21,3320.790039,3174.83,2818.125,145.95996087499998,502.665039
2020-01-22,3321.75,3173.9524,2817.6765,147.797607421875,504.07349999999997
2020-01-23,3325.540039,3183.8972,2819.0112,141.64282220312498,506.52883900000006
2020-01-24,3295.4699709999995,3182.4075,2819.982,113.06250029687453,475.48797099999956
2020-01-27,3243.629883,3180.5154,2820.0935,63.11450214062506,423.5363830000001
2020-01-28,3276.23999,3161.652,2816.5676,114.58789039062503,459.6723900000002
2020-01-29,3273.3999019999997,3166.8535,2814.8457,106.54638637499966,458.5542019999998
2020-01-30,3283.659912,3167.3228,2814.3035,116.33715809375008,469.3564120000001
2020-01-31,3225.52002,3162.2427,2813.0596,63.27734421874993,412.4604199999999
2020-02-03,3248.919922,3138.7178,2808.1626,110.20214856250004,440.75732199999993
2020-02-04,3297.590088,3147.8823,2807.186,149.70776378124992,490.4040879999998
2020-02-05,3334.689941,3158.7068,2807.4766,175.9831538906251,527.2133410000001
2020-02-06,3345.780029,3172.0044,2809.9163,173.77563446875,535.8637290000001
2020-02-07,3327.709961,3186.3633,2814.1543,141.34667975000002,513.5556609999999
2020-02-10,3352.090088,3192.0256,2818.4585,160.06445323437492,533.6315879999997
2020-02-11,3357.75,3205.0835,2822.838,152.66650390625,534.9119999999998
2020-02-12,3379.449951,3210.8801,2825.98,168.56982404687506,553.469951
2020-02-13,3373.939941,3214.1357,2829.577,159.8041988125001,544.3629409999999
2020-02-14,3380.159912,3222.5625,2833.8994,157.59741200000008,546.2605120000003
2020-02-18,3370.290039,3230.1064,2837.5771,140.18359368749998,532.712939
2020-02-19,3386.149902,3223.4595,2839.3953,162.6904293437501,546.754602
2020-02-20,3373.2299800000005,3227.8,2842.3809,145.42993117187552,530.8490800000004
2020-02-21,3337.7500000000005,3221.4465,2841.974,116.30346679687545,495.7760000000003
2020-02-24,3225.889893,3216.704,2839.4832,9.18579143750003,386.4066929999999
2020-02-25,3128.209961,3163.478,2828.2039,35.26806634374998,300.00606100000005
2020-02-26,3116.3898930000005,3105.2874,2809.1785,11.102539484375484,307.2113930000005
2020-02-27,2978.7600100000004,3067.778,2788.9006,89.01806617187458,189.85941000000048
2020-02-28,2954.2199709999995,2973.333,2756.33,19.113036812500468,197.8899709999996
2020-03-02,3090.22998,2826.9634,2715.337,263.26660109375007,374.8929800000001
2020-03-03,3003.3701170000004,2883.8142,2683.0415,119.55590801562539,320.3286170000006
2020-03-04,3130.120117,2875.1147,2661.7102,255.00537090624994,468.40991699999995
2020-03-05,3023.939941,2940.3623,2658.1255,83.57763631250009,365.814441
2020-03-06,2972.370117,2922.829,2651.7473,49.54101543749994,320.62281699999994
2020-03-09,2746.560059,2884.4438,2637.5125,137.8837886562501,109.04755900000009
2020-03-10,2882.2299800000005,2713.1519,2602.2595,169.07812453125052,279.9704800000004
2020-03-11,2741.379883,2722.3428,2563.0952,19.037109562500063,178.28468299999986
2020-03-12,2480.6398930000005,2689.101,2526.8657,208.46118121874952,46.22580699999935
2020-03-13,2711.02002,2506.4958,2470.943,204.52417039062493,240.07701999999972
2020-03-16,2386.129883,2496.1565,2424.1985,110.02661114062494,38.068616999999904
2020-03-17,2529.189941,2389.7341,2364.5164,139.4558101406251,164.6735410000001
2020-03-18,2398.100098,2358.533,2313.0742,39.56713901562489,85.02589799999987
2020-03-19,2409.3898930000005,2283.108,2256.5808,126.28198284375048,152.8090930000003
2020-03-20,2304.9199220000005,2265.8296,2208.1829,39.0903321562505,96.7370220000007
2020-03-23,2237.3999020000006,2212.2395,2158.7622,25.160400046875566,78.63770200000044
2020-03-24,2447.330078,2200.088,2110.6729,247.24218737499996,336.65717799999993
2020-03-25,2475.560059,2263.6277,2089.289,211.9323734531249,386.2710589999997
2020-03-26,2630.0700680000004,2264.9321,2078.3503,365.13793909375045,551.7197680000004
2020-03-27,2541.4699710000004,2313.349,2079.8972,228.12084990625044,461.57277100000056
2020-03-30,2626.6499020000006,2371.1516,2086.723,255.49829067187557,539.9269020000006
2020-03-31,2584.590088,2441.4883,2110.4731,143.10180674999992,474.11698799999976
2020-04-01,2470.5000000000005,2455.9294,2134.4333,14.570556640625455,336.0667000000003
2020-04-02,2526.899902,2454.9868,2151.151,71.91308559375011,375.74890200000027
2020-04-03,2488.649902,2466.839,2169.2278,21.81079067187511,319.422102
2020-04-06,2663.679932,2471.6375,2187.2659,192.042480828125,476.41403200000013
2020-04-07,2659.409912,2515.9324,2215.419,143.47753895312508,443.9909120000002
2020-04-08,2749.97998,2539.9937,2242.8438,209.98632765625007,507.13617999999997
2020-04-09,2789.8200680000004,2584.951,2275.591,204.86914026562545,514.2290680000006
2020-04-13,2761.629883,2544.5723,2299.3784,217.05761737500006,462.251483
2020-04-14,2846.060059,2600.698,2319.368,245.3620609531249,526.692059
2020-04-15,2783.360107,2633.8728,2345.481,149.48730426562497,437.87910699999975
2020-04-16,2799.550049,2641.4287,2366.1733,158.12133806249994,433.376749
2020-04-17,2874.560059,2656.3347,2383.992,218.2253422031249,490.5680589999997
2020-04-20,2823.159912,2677.8945,2401.794,145.26538075000008,421.3659120000002
2020-04-21,2736.5600590000004,2693.698,2417.2927,42.862060953125365,319.2673590000004
2020-04-22,2799.310059,2690.4927,2427.3638,108.81738321874991,371.9462589999998
2020-04-23,2797.800049,2709.9065,2440.483,87.89355485937494,357.31704899999977
2020-04-24,2836.7399900000005,2711.6672,2450.8872,125.07275367187549,385.85279000000037
2020-04-27,2878.47998,2722.592,2462.2583,155.88793898437507,416.2216800000001
2020-04-28,2863.389893,2744.4924,2475.6875,118.89746135937503,387.70239300000003
2020-04-29,2939.51001,2748.206,2486.8455,191.30395531249997,452.66451000000006
2020-04-30,2912.4299319999996,2758.5798,2495.8906,153.85009801562455,416.5393319999994
2020-05-01,2830.709961,2766.278,2502.1174,64.43188482812502,328.59256099999993
2020-05-04,2842.7399900000005,2771.946,2508.037,70.79394507812549,334.7029900000007
2020-05-05,2868.439941,2779.6973,2515.768,88.74267537500009,352.67194100000006
2020-05-06,2848.419922,2789.9976,2524.0803,58.42236340625004,324.33962199999996
2020-05-07,2881.1899410000005,2793.3777,2533.2493,87.81225545312554,347.9406410000006
2020-05-08,2929.8000490000004,2797.4363,2542.2148,132.3637697031254,387.5852490000002
2020-05-11,2930.1899410000005,2833.8489,2556.503,96.34106404687554,373.6869410000004
2020-05-12,2870.120117,2834.5396,2568.5647,35.58056621874994,301.55541700000003
2020-05-13,2820.0000000000005,2821.4946,2573.953,1.4946289062495453,246.04700000000048
2020-05-14,2852.5000000000005,2785.5322,2569.9055,66.96777343750045,282.5945000000006
2020-05-15,2863.699951,2780.1223,2563.9453,83.57763654687506,299.7546510000002
2020-05-18,2953.909912,2778.2683,2558.3745,175.64160145312508,395.5354120000002
2020-05-19,2922.9399410000005,2795.5334,2554.166,127.40649373437554,368.7739410000004
2020-05-20,2971.610107,2823.0662,2555.0837,148.54394489062497,416.52640699999984
2020-05-21,2948.51001,2847.2876,2559.8086,101.22241234374997,388.7014100000001
2020-05-22,2955.449951,2857.533,2564.7004,97.91699201562506,390.7495509999999
2020-05-26,2991.77002,2878.7388,2572.6792,113.03125046874993,419.0908199999999
2020-05-27,3036.129883,2878.7793,2574.652,157.35058612500006,461.477883
2020-05-28,3029.7299799999996,2886.2144,2574.531,143.5156245312496,455.19897999999966
2020-05-29,3044.3100589999995,2904.254,2577.527,140.05615274999946,466.7830589999994
2020-06-01,3055.72998,2885.9507,2574.5024,169.77929640625007,481.2275800000002
2020-06-02,3080.820068,2918.66,2578.6206,162.160155890625,502.1994679999998
2020-06-03,3122.870117,2927.228,2585.2263,195.64208965624994,537.6438170000001
2020-06-04,3112.350098,2935.6665,2590.7236,176.6835940937499,521.6264980000001
2020-06-05,3193.929932,2936.979,2593.1062,256.95092809375,600.8237319999998
2020-06-08,3232.3898929999996,2876.5796,2591.796,355.8103031562496,640.5938929999998
2020-06-09,3207.179932,2862.6746,2581.4233,344.505371453125,625.7566320000001
2020-06-10,3190.139893,2927.7427,2572.5796,262.39721721875003,617.560293
2020-06-11,3002.100098,2949.257,2571.996,52.84301792187489,430.1040979999998
2020-06-12,3041.3100590000004,2915.1655,2565.1765,126.14453165625036,476.13355900000033
2020-06-15,3066.590088,2933.529,2563.7627,133.06103526562492,502.8273879999997
2020-06-16,3124.73999,2939.0676,2564.8909,185.67236304687503,559.8490900000002
2020-06-17,3113.48999,2964.3408,2570.4692,149.14916968750003,543.02079
2020-06-18,3115.340088,2994.6567,2582.39,120.68334971874992,532.950088
2020-06-19,3097.7399900000005,3010.946,2595.3984,86.79394507812549,502.34159000000045
2020-06-22,3117.8601070000004,2920.968,2600.0823,196.89208942187543,517.7778070000004
2020-06-23,3131.290039,2986.3972,2599.9456,144.89282220312498,531.344439
2020-06-24,3050.3300780000004,3006.9863,2607.5913,43.34374987500041,442.73877800000037
2020-06-25,3083.76001,2985.059,2610.241,98.70092796874997,473.51901
2020-06-26,3009.0500489999995,2997.7734,2613.113,11.27661149999949,395.93704899999966
2020-06-29,3053.23999,2888.197,2607.4277,165.04296851562503,445.81228999999985
2020-06-30,3100.2900390000004,2949.2246,2598.4468,151.06542962500043,501.84323900000027
2020-07-01,3115.8601070000004,2967.7183,2600.1133,148.14184528125043,515.7468070000004
2020-07-02,3130.01001,2994.2993,2606.7512,135.71069359374997,523.2588099999998
2020-07-06,3179.719971,3017.8313,2617.7034,161.888672171875,562.0165710000001
2020-07-07,3145.3200679999995,3039.37,2628.72,105.94995081249954,516.6000679999997
2020-07-08,3169.939941,3049.6365,2639.4949,120.30346639062509,530.445041
2020-07-09,3152.050049,3058.728,2647.0996,93.32202165624994,504.95044899999994
2020-07-10,3185.040039,3062.2131,2653.4048,122.82690423437498,531.6352390000002
2020-07-13,3155.219971,3074.9998,2660.939,80.22021514062499,494.28097100000014
2020-07-14,3197.52002,3070.8613,2667.3813,126.65869187499993,530.1387199999999
2020-07-15,3226.5600589999995,3082.5378,2673.9863,144.02221720312446,552.5737589999994
2020-07-16,3215.5700679999995,3094.4556,2680.6914,121.11450159374954,534.8786679999994
2020-07-17,3224.72998,3107.7227,2688.9612,117.00732375000007,535.7687799999999
2020-07-20,3251.840088,3117.226,2696.4517,134.61401378124992,555.3883879999998
2020-07-21,3257.300049,3130.579,2703.7224,126.72094743749994,553.5776489999998
2020-07-22,3276.02002,3133.0796,2708.7476,142.94043015624993,567.2724199999998
2020-07-23,3235.659912,3146.4817,2713.64,89.17822254687508,522.0199120000002
2020-07-24,3215.6298830000005,3144.7957,2717.2368,70.83422870312552,498.3930830000004
2020-07-27,3239.4099120000005,3144.7144,2720.2192,94.69555653125053,519.1907120000005
2020-07-28,3218.4399410000005,3153.308,2722.713,65.13183553125054,495.72694100000035
2020-07-29,3258.439941,3156.2905,2724.4536,102.14941365625009,533.9863410000003
2020-07-30,3246.219971,3157.4607,2724.6477,88.75927764062499,521.572271
2020-07-31,3271.1201169999995,3162.222,2725.7385,108.89819317187448,545.3816169999996
2020-08-03,3294.610107,3159.2195,2724.545,135.39062457812497,570.0651069999999
2020-08-04,3306.5100099999995,3173.824,2727.355,132.6860353906245,579.1550099999995
2020-08-05,3327.77002,3182.6892,2731.0745,145.08081101562493,596.6955199999998
2020-08-06,3349.159912,3192.9373,2735.1296,156.22265614062508,614.0303119999999
2020-08-07,3351.2800290000005,3210.9478,2741.3064,140.33227509375047,609.9736290000005
2020-08-10,3360.469971,3224.2983,2747.322,136.17163115625,613.1479709999999
2020-08-11,3333.689941,3233.3428,2752.3816,100.34716756250009,581.3083409999999
2020-08-12,3380.3500979999994,3228.0742,2752.6426,152.27587924999943,627.7074979999993
2020-08-13,3373.429932,3257.3357,2757.7715,116.09423864062501,615.6584320000002
2020-08-14,3372.850098,3266.6885,2764.3125,106.16162143749989,608.5375979999999
2020-08-17,3381.98999,3280.3733,2772.0085,101.61669898437503,609.9814900000001
2020-08-18,3389.7800289999996,3281.135,2778.3083,108.64501923437456,611.4717289999994
2020-08-19,3374.850098,3285.899,2782.6116,88.95117221874989,592.2384979999997
2020-08-20,3385.51001,3286.9795,2785.334,98.53051781249997,600.1760100000001
2020-08-21,3397.1599119999996,3291.0466,2788.6824,106.11328114062462,608.4775119999995
2020-08-24,3431.280029,3297.6602,2791.8997,133.61987275,639.3803290000001
2020-08-25,3443.620117,3314.6506,2794.8445,128.96948223437494,648.7756169999998
2020-08-26,3478.72998,3328.686,2799.059,150.04394484375007,679.6709799999999
2020-08-27,3484.550049,3341.6501,2804.111,142.89990251562494,680.4390490000001
2020-08-28,3508.01001,3350.4116,2809.6733,157.59838890624997,698.33671
2020-08-31,3500.310059,3363.8467,2815.2817,136.4633793124999,685.0283589999999
2020-09-01,3526.649902,3365.0505,2817.963,161.5993648906251,708.6869019999999
2020-09-02,3580.840088,3377.6548,2821.9294,203.18530284374992,758.9106879999999
2020-09-03,3455.060059,3391.577,2826.2703,63.48315470312491,628.7897589999998
2020-09-04,3426.959961,3366.3655,2825.043,60.59448248437502,601.9169609999999
2020-09-08,3331.8400879999995,3352.2969,2821.8489,20.45678700000053,509.9911879999995
2020-09-09,3398.959961,3310.7896,2814.6658,88.17041021875002,584.2941609999998
2020-09-10,3339.189941,3321.8372,2810.5854,17.35278279687509,528.6045410000002
2020-09-11,3340.969971,3301.4685,2806.2139,39.50146514062499,534.7560709999998
2020-09-14,3383.540039,3295.8342,2803.5222,87.70581048437498,580.0178390000001
2020-09-15,3401.1999509999996,3300.7607,2802.2017,100.4392088124996,598.9982509999995
2020-09-16,3385.48999,3307.1628,2801.8079,78.32714820312503,583.6820900000002
2020-09-17,3357.01001,3294.9607,2799.9116,62.049316640624966,557.0984100000001
2020-09-18,3319.469971,3284.387,2797.933,35.08300810937499,521.536971
2020-09-21,3281.060059,3228.4524,2783.2085,52.60766642187491,497.8515589999997
2020-09-22,3315.5700680000004,3221.072,2773.3704,94.49804651562545,542.1996680000007
2020-09-23,3236.9199220000005,3229.288,2769.3745,7.631836062500497,467.5454220000006
2020-09-24,3246.590088,3205.0059,2764.072,41.58422862499992,482.5180879999998
2020-09-25,3298.459961,3188.218,2757.0476,110.24194342187502,541.4123610000001
2020-09-28,3351.600098,3207.7468,2753.6545,143.8532718281249,597.9455979999998
2020-09-29,3335.469971,3236.433,2752.629,99.03686553124999,582.8409710000001
2020-09-30,3362.9999999999995,3252.6482,2754.4878,110.35180664062455,608.5121999999997
2020-10-01,3380.8000489999995,3255.2156,2754.4531,125.58447282812449,626.3469489999993
2020-10-02,3348.419922,3284.669,2759.2424,63.75097668750004,589.177522
2020-10-05,3408.600098,3288.758,2762.4026,119.84204135937489,646.197498
2020-10-06,3360.969971,3304.4062,2769.4177,56.56372099999999,591.552271
2020-10-07,3419.439941,3294.1013,2772.508,125.33862264062509,646.9319410000003
2020-10-08,3446.830078,3313.7163,2777.094,133.11376940624996,669.7360779999999
2020-10-09,3477.139893,3324.1707,2783.258,152.96923870312503,693.8818930000002
2020-10-12,3534.219971,3336.0981,2790.24,198.12182646875,743.9799710000002
2020-10-13,3511.929932,3367.2446,2799.0369,144.68530309375,712.893032
2020-10-14,3488.6699220000005,3378.4016,2805.5012,110.2683106718755,683.1687220000003
2020-10-15,3483.340088,3378.7046,2808.7078,104.63549815624992,674.6322879999998
2020-10-16,3483.810059,3378.563,2809.4014,105.24707071874991,674.4086589999997
2020-10-19,3426.919922,3360.1255,2809.3354,66.79443371875004,617.5845220000001
2020-10-20,3443.120117,3355.803,2809.6309,87.31713848437494,633.4892169999998
2020-10-21,3435.5600590000004,3360.785,2808.8445,74.77514689062536,626.7155590000002
2020-10-22,3453.48999,3356.5789,2809.0745,96.91113257812503,644.4154899999999
2020-10-23,3465.389893,3361.074,2809.0527,104.31591839062503,656.3371929999998
2020-10-26,3400.969971,3376.7324,2811.325,24.237549124999987,589.6449710000002
2020-10-27,3390.679932,3361.0305,2810.4016,29.649414421875008,580.2783319999999
2020-10-28,3271.030029,3350.9927,2809.123,79.96264678124999,461.90702899999997
2020-10-29,3310.110107,3289.607,2798.89,20.50317340624997,511.2201070000001
2020-10-30,3269.959961,3269.754,2787.952,0.20605475000002116,482.0079609999998
2020-11-02,3310.23999,3240.8027,2777.1091,69.43725562500003,533.1308899999999
2020-11-03,3369.159912,3235.5208,2772.5693,133.63916004687508,596.590612
2020-11-04,3443.4399409999996,3250.9812,2772.3892,192.45873982812464,671.0507409999996
